"25","video","Video","1","25","2020-06-24 14:58:15"
"26","video","Video","2","26","2020-06-24 15:00:44"
"27","video","Video","3","27","2020-06-24 15:01:18"
"28","video","Video","4","28","2020-06-24 15:01:52"
"29","video","Video","5","29","2020-06-24 15:02:04"
"30","video","Video","6","30","2020-06-24 15:02:53"
"31","video","Video","7","31","2020-06-24 15:03:02"
"32","video","Video","8","32","2020-06-24 15:05:16"
"33","video","Video","9","33","2020-06-24 15:05:23"
"34","video","Video","10","34","2020-06-24 15:05:23"
"35","video","Video","11","35","2020-06-30 20:32:22"
"36","video","Video","12","36","2020-06-30 20:33:15"
"37","video","Video","13","37","2020-06-30 20:33:28"
"38","video","Video","14","38","2020-06-30 20:33:34"
"39","video","Video","15","39","2020-06-30 20:33:35"
"40","video","Video","16","40","2020-06-30 20:33:44"
"41","video","Video","17","41","2020-06-30 20:34:39"
"42","video","Video","18","42","2020-06-30 20:34:49"
"43","video","Video","19","43","2020-06-30 20:35:03"
